<?xml version="1.0" encoding="UTF-8" standalone="yes"?>
<addon id="plugin.video.bryoutubers" name="BR Youtubers" version="1.2.0" provider-name="Xmbcrios">
  <requires>
    <import addon="xbmc.python" version="2.1.0"/>
    <import addon="script.module.addon.common" version="2.0.0"/>
    <import addon="plugin.video.youtube" version="5.0.0"/>
  </requires>
	
  <extension point="xbmc.python.pluginsource" library="default.py">
    <provides>video</provides>
  </extension>
	
  <extension point="xbmc.addon.metadata">
    <summary lang="en">Melhores canais do Youtube</summary>
    <description lang="en">Descubra as maiores curiosidades sobre desenhos, séries, filmes e games, futebol e muito mais... Aqui você assiste conteúdo de verdade! agora diretamente no Kodi</description>
    <platform>all</platform>
    <forum></forum>
    <website>canalvocenaosabia.blogspot.com</website>
  </extension>
</addon>
