<?xml version='1.0' encoding='UTF-8'?>
<addon id="skin.confluence.xmbcrios.mod" name="Xmbcrios Helix Confluence Mod.©" provider-name="xmbcrios" version="0.0.2">
  <requires>
		<import addon="xbmc.gui" version="5.3.0" />
  </requires>
  <extension debugging="false" defaultthemename="textures.xbt" effectslowdown="0.75" point="xbmc.gui.skin">
    <res aspect="16:9" default="true" folder="720p" height="720" width="1280" />
  </extension>
  <extension point="xbmc.addon.metadata">
    <summary lang="en">xmbcrios Helix Confluence Mod by Coolwave</summary>
	<description lang="en">Confluence Mod for Helix</description>
    <disclaimer lang="en">Confluence Personalizado</disclaimer>
    <platform>all</platform>
  </extension>
</addon>
