<?xml version="1.0" encoding="UTF-8"?>
<addon id="plugin.video.abelhas"
       name="Abelhas.pt e Clones"
       version="1.1.1"
       provider-name="fightnight/Mafarricos">
    <requires>
        <import addon="xbmc.python" version="2.1.0"/>
	<import addon="script.module.t0mm0.common" version="1.0.0"/>
	<import addon="script.module.requests" version="2.6.0"/>
    </requires>
    <extension point="xbmc.python.pluginsource" library="default.py">
        <provides>video</provides>
    </extension>
    <extension point="xbmc.addon.metadata">
        <summary>Conteudos do site Abelhas.pt, Minhateca.com.br, Lolabits.es e Toutbox.fr no Kodi</summary>
        <description>Ve os teus conteudos e os da comunidade abelhas/minhateca/lolabits/toutbox no Kodi.</description>
        <platform>all</platform>
    </extension>
</addon>