﻿<?xml version="1.0" encoding="UTF-8" standalone="yes"?>
<addon id="xmbcrios.repository" name="Xmbcrios Repository" version="0.0.2" provider-name="xmbcrios">
	<extension point="xbmc.addon.repository" name="Demonstration Add-on Repository">
		<info compressed="false">http://raw.github.com/xmbcrios/xmbcrios.repository/master/addons.xml</info>
		<checksum>http://raw.github.com/xmbcrios/xmbcrios.repository/master/addons.xml.md5</checksum>
		<datadir zip="true">http://raw.github.com/xmbcrios/xmbcrios.repository/master/repo/</datadir>
	</extension>
	<extension point="xbmc.addon.metadata">
		<summary>Xmbcrios Repository</summary>
		<description>Repository</description>
		<disclaimer></disclaimer>
		<platform>all</platform>
	</extension>
</addon>