<?xml version="1.0" encoding="UTF-8"?>
<addon
  id="plugin.video.SportsDevil"
  version="1.8.8.3"
  name="SportsDevil"
  provider-name="MaxMustermann">
  <requires>
   <import addon="xbmc.python" version="2.1.0"/>
  </requires>
  <extension 
    point="xbmc.python.pluginsource"
    library="default.py">
   <provides>video</provides>
  </extension>
  <extension point="xbmc.addon.metadata">
    <summary>Play videos of different sports streaming sites</summary>
    <description>Play videos of different sports streaming sites</description>
    <platform>all</platform>
  </extension>
</addon>