﻿<?xml version="1.0" encoding="UTF-8" standalone="yes"?>
<addon id="Cleitonleonelcreton.repository" name="Cleiton leonel creton Repository" version="0.0.1" provider-name="Cleiton leonel creton">
	<extension point="xbmc.addon.repository" name="Cleiton leonel creton Repository">
		<info compressed="false">http://raw.github.com/IptvBrasilGroup/Cleitonleonelcreton.repository/master/addons.xml</info>
		<checksum>http://raw.github.com/IptvBrasilGroup/Cleitonleonelcreton.repository/master/addons.xml.md5</checksum>
		<datadir zip="true">http://raw.github.com/IptvBrasilGroup/Cleitonleonelcreton.repository/master/repo/</datadir>
	</extension>
	<extension point="xbmc.addon.metadata">
		<summary>Repository Addon</summary>
		<description>Addons criados ou modificados por Cleiton Leonel Creton</description>
		<disclaimer></disclaimer>
		<platform>all</platform>
	</extension>
</addon>